{
  "Author": "MageMage",
  "Compatibility": "Compatible",
  "DefuserDifficulty": "Easy",
  "Description": "Decode a word encrypted in a 3 step process using different ciphers. Tags: cipher, 3-screens, left, right, keyboard, submit, blue, fur",
  "ExpertDifficulty": "Hard",
  "ModuleID": "furCipher",
  "Name": "Fur Cipher",
  "Origin": "Mods",
  "Published": "2022-06-21",
  "SortKey": "FURCIPHER",
  "SourceUrl": "https://github.com/MageoMage/FurCipher",
  "SteamID": "2823894420",
  "Symbol": "Frci",
  "Type": "Regular"
}